sample_id	study_accession	library_role	library_name	instrument_model	library_layout	submitted_read1	submitted_read2	read1_md5	read2_md5	standard_read1	standard_read2	output_subdir	notes
ENIV_assembly_pool_01	PRJEB111482	assembly	ENIV_assembly_pool_01_lib	Illumina NovaSeq 6000	PAIRED	ENA_submit_83_reads/2324_S2_L002_R1_001.fastq.gz	ENA_submit_83_reads/2324_S2_L002_R2_001.fastq.gz	37064a0c562eaebc0e4e34d780187b36	e8a21358784e051752023698fb309c69	assembly_pool_R1.fastq.gz	assembly_pool_R2.fastq.gz	assembly	assembly pool used for draft genome assembly
ENIV_pool_318	PRJEB111482	poolseq	ENIV_pool_318_lib	Illumina NovaSeq 6000	PAIRED	ENA_submit_83_reads/318_S1_L001_R1_001.fastq.gz	ENA_submit_83_reads/318_S1_L001_R2_001.fastq.gz	d4a8746a4caac4f2f29b30a4fa076cf5	aeec766e26556f0831fe0e50c2ccdd76	ENIV_pool_318_R1.fastq.gz	ENIV_pool_318_R2.fastq.gz	pools	retained pool-seq library used for population-level analysis
ENIV_pool_641	PRJEB111482	poolseq	ENIV_pool_641_lib	Illumina NovaSeq 6000	PAIRED	ENA_submit_83_reads/641_S2_L001_R1_001.fastq.gz	ENA_submit_83_reads/641_S2_L001_R2_001.fastq.gz	bf69f402d68048160d414c1f69c49e5e	18a049cde83781afb606b0ed73ce8ea2	ENIV_pool_641_R1.fastq.gz	ENIV_pool_641_R2.fastq.gz	pools	retained pool-seq library used for population-level analysis
ENIV_pool_857	PRJEB111482	poolseq	ENIV_pool_857_lib	Illumina NovaSeq 6000	PAIRED	ENA_submit_83_reads/857_S3_L001_R1_001.fastq.gz	ENA_submit_83_reads/857_S3_L001_R2_001.fastq.gz	07e44c4e7660f9b6673cc4d09d0d80c4	dc75c084e55f1ddfa4f7781329cc73de	ENIV_pool_857_R1.fastq.gz	ENIV_pool_857_R2.fastq.gz	pools	retained pool-seq library used for population-level analysis
ENIV_pool_858	PRJEB111482	poolseq	ENIV_pool_858_lib	Illumina NovaSeq 6000	PAIRED	ENA_submit_83_reads/858_S4_L001_R1_001.fastq.gz	ENA_submit_83_reads/858_S4_L001_R2_001.fastq.gz	3c99edc07ba269930589122a4bbf110a	9c03a9130383ef5c66633a8a222ecd20	ENIV_pool_858_R1.fastq.gz	ENIV_pool_858_R2.fastq.gz	pools	retained pool-seq library used for population-level analysis
ENIV_pool_920	PRJEB111482	poolseq	ENIV_pool_920_lib	Illumina NovaSeq 6000	PAIRED	ENA_submit_83_reads/920_S5_L001_R1_001.fastq.gz	ENA_submit_83_reads/920_S5_L001_R2_001.fastq.gz	c91caac401c48eea89f9cd9e439472d8	6986156f5bee9af58edf2ca46962fed2	ENIV_pool_920_R1.fastq.gz	ENIV_pool_920_R2.fastq.gz	pools	retained pool-seq library used for population-level analysis
ENIV_pool_935	PRJEB111482	poolseq	ENIV_pool_935_lib	Illumina NovaSeq 6000	PAIRED	ENA_submit_83_reads/935_S6_L001_R1_001.fastq.gz	ENA_submit_83_reads/935_S6_L001_R2_001.fastq.gz	44b9508218ab8e6c5134271964d10a75	6096daad7df2338c2eadfc330795b0d0	ENIV_pool_935_R1.fastq.gz	ENIV_pool_935_R2.fastq.gz	pools	retained pool-seq library used for population-level analysis
ENIV_pool_970	PRJEB111482	poolseq	ENIV_pool_970_lib	Illumina NovaSeq 6000	PAIRED	ENA_submit_83_reads/970_S7_L001_R1_001.fastq.gz	ENA_submit_83_reads/970_S7_L001_R2_001.fastq.gz	6e0111529f4f44feef4cc5942570b175	682aea4a320edc5a6c16494cf5427ed3	ENIV_pool_970_R1.fastq.gz	ENIV_pool_970_R2.fastq.gz	pools	retained pool-seq library used for population-level analysis
ENIV_pool_1032	PRJEB111482	poolseq	ENIV_pool_1032_lib	Illumina NovaSeq 6000	PAIRED	ENA_submit_83_reads/1032_S9_L001_R1_001.fastq.gz	ENA_submit_83_reads/1032_S9_L001_R2_001.fastq.gz	8a553e201b9bfb37a14c14fb3930b93f	9c508859bd683f41c1586e63f748d193	ENIV_pool_1032_R1.fastq.gz	ENIV_pool_1032_R2.fastq.gz	pools	retained pool-seq library used for population-level analysis
ENIV_pool_1038	PRJEB111482	poolseq	ENIV_pool_1038_lib	Illumina NovaSeq 6000	PAIRED	ENA_submit_83_reads/1038_S10_L001_R1_001.fastq.gz	ENA_submit_83_reads/1038_S10_L001_R2_001.fastq.gz	b71fd71e9965e22991f2c475cfd132f5	40ae4de3eb5e8eda29ba0b19313ad51c	ENIV_pool_1038_R1.fastq.gz	ENIV_pool_1038_R2.fastq.gz	pools	retained pool-seq library used for population-level analysis
ENIV_pool_1039	PRJEB111482	poolseq	ENIV_pool_1039_lib	Illumina NovaSeq 6000	PAIRED	ENA_submit_83_reads/1039_S11_L001_R1_001.fastq.gz	ENA_submit_83_reads/1039_S11_L001_R2_001.fastq.gz	07090304635518dbf2e42228f48c14ec	4fe4616df9bf742df26c8c32ffa8c094	ENIV_pool_1039_R1.fastq.gz	ENIV_pool_1039_R2.fastq.gz	pools	retained pool-seq library used for population-level analysis
ENIV_pool_1040	PRJEB111482	poolseq	ENIV_pool_1040_lib	Illumina NovaSeq 6000	PAIRED	ENA_submit_83_reads/1040_S12_L001_R1_001.fastq.gz	ENA_submit_83_reads/1040_S12_L001_R2_001.fastq.gz	820c63feca78db37e5149920af6bc762	4634f3cff8cb003c17cf4027b2443666	ENIV_pool_1040_R1.fastq.gz	ENIV_pool_1040_R2.fastq.gz	pools	retained pool-seq library used for population-level analysis
ENIV_pool_1053	PRJEB111482	poolseq	ENIV_pool_1053_lib	Illumina NovaSeq 6000	PAIRED	ENA_submit_83_reads/1053_S14_L001_R1_001.fastq.gz	ENA_submit_83_reads/1053_S14_L001_R2_001.fastq.gz	c85c632805ef77dd29c9dbfb1a3e2d21	3f81ec5ff0be30e3d8fc9454e2900577	ENIV_pool_1053_R1.fastq.gz	ENIV_pool_1053_R2.fastq.gz	pools	retained pool-seq library used for population-level analysis
ENIV_pool_1054	PRJEB111482	poolseq	ENIV_pool_1054_lib	Illumina NovaSeq 6000	PAIRED	ENA_submit_83_reads/1054_S15_L001_R1_001.fastq.gz	ENA_submit_83_reads/1054_S15_L001_R2_001.fastq.gz	fcd41579aacad1aa363b7070c62630a3	38cf9ac6ce264ba6ed5cc71280cb3903	ENIV_pool_1054_R1.fastq.gz	ENIV_pool_1054_R2.fastq.gz	pools	retained pool-seq library used for population-level analysis
ENIV_pool_1061	PRJEB111482	poolseq	ENIV_pool_1061_lib	Illumina NovaSeq 6000	PAIRED	ENA_submit_83_reads/1061_S16_L001_R1_001.fastq.gz	ENA_submit_83_reads/1061_S16_L001_R2_001.fastq.gz	249f588e3e8b2854cc94796d3645029a	7a41e1db0951f1b50db94c1c9ed2e05e	ENIV_pool_1061_R1.fastq.gz	ENIV_pool_1061_R2.fastq.gz	pools	retained pool-seq library used for population-level analysis
ENIV_pool_1062	PRJEB111482	poolseq	ENIV_pool_1062_lib	Illumina NovaSeq 6000	PAIRED	ENA_submit_83_reads/1062_S17_L001_R1_001.fastq.gz	ENA_submit_83_reads/1062_S17_L001_R2_001.fastq.gz	fe3e44b1d73c771fe5562f1699aee0d7	10022188929e9accef08ab40524a202e	ENIV_pool_1062_R1.fastq.gz	ENIV_pool_1062_R2.fastq.gz	pools	retained pool-seq library used for population-level analysis
ENIV_pool_1076	PRJEB111482	poolseq	ENIV_pool_1076_lib	Illumina NovaSeq 6000	PAIRED	ENA_submit_83_reads/1076_S19_L001_R1_001.fastq.gz	ENA_submit_83_reads/1076_S19_L001_R2_001.fastq.gz	e21cee22e8c77ae954951eb78a988ba2	4f6ab96da8276e0c5539f7e0737b5794	ENIV_pool_1076_R1.fastq.gz	ENIV_pool_1076_R2.fastq.gz	pools	retained pool-seq library used for population-level analysis
ENIV_pool_1078	PRJEB111482	poolseq	ENIV_pool_1078_lib	Illumina NovaSeq 6000	PAIRED	ENA_submit_83_reads/1078_S20_L001_R1_001.fastq.gz	ENA_submit_83_reads/1078_S20_L001_R2_001.fastq.gz	1656f1aa2ea8e7e0059358677d2e1029	58ef8903a7e88037ac9bb611fa1c9c8a	ENIV_pool_1078_R1.fastq.gz	ENIV_pool_1078_R2.fastq.gz	pools	retained pool-seq library used for population-level analysis
ENIV_pool_1099	PRJEB111482	poolseq	ENIV_pool_1099_lib	Illumina NovaSeq 6000	PAIRED	ENA_submit_83_reads/1099_S22_L001_R1_001.fastq.gz	ENA_submit_83_reads/1099_S22_L001_R2_001.fastq.gz	288a20252eed3e7f4f9ec8f1a9073608	a6829ebae72494ff0bc1faee0b814071	ENIV_pool_1099_R1.fastq.gz	ENIV_pool_1099_R2.fastq.gz	pools	retained pool-seq library used for population-level analysis
ENIV_pool_1180	PRJEB111482	poolseq	ENIV_pool_1180_lib	Illumina NovaSeq 6000	PAIRED	ENA_submit_83_reads/1180_S23_L001_R1_001.fastq.gz	ENA_submit_83_reads/1180_S23_L001_R2_001.fastq.gz	41bed54d0c2b0378ab14ef01aa9195c7	8670afe432e6269cca3a9a00ec8d8f52	ENIV_pool_1180_R1.fastq.gz	ENIV_pool_1180_R2.fastq.gz	pools	retained pool-seq library used for population-level analysis
ENIV_pool_1185	PRJEB111482	poolseq	ENIV_pool_1185_lib	Illumina NovaSeq 6000	PAIRED	ENA_submit_83_reads/1185_S24_L001_R1_001.fastq.gz	ENA_submit_83_reads/1185_S24_L001_R2_001.fastq.gz	79b4e84a0f021afdd60ff5b4803aaf1a	d366b0a7e147e581e44d4464b932fd13	ENIV_pool_1185_R1.fastq.gz	ENIV_pool_1185_R2.fastq.gz	pools	retained pool-seq library used for population-level analysis
ENIV_pool_1199	PRJEB111482	poolseq	ENIV_pool_1199_lib	Illumina NovaSeq 6000	PAIRED	ENA_submit_83_reads/1199_S25_L001_R1_001.fastq.gz	ENA_submit_83_reads/1199_S25_L001_R2_001.fastq.gz	f0150ab757e99d89a575c64fc53fe1e1	70ae3f074524123e983183b3d961da91	ENIV_pool_1199_R1.fastq.gz	ENIV_pool_1199_R2.fastq.gz	pools	retained pool-seq library used for population-level analysis
ENIV_pool_1348	PRJEB111482	poolseq	ENIV_pool_1348_lib	Illumina NovaSeq 6000	PAIRED	ENA_submit_83_reads/1348_S26_L001_R1_001.fastq.gz	ENA_submit_83_reads/1348_S26_L001_R2_001.fastq.gz	cd77713ea86401cc1267434a2f8d2f78	06d3fe7865d4498ef5f48344283336d0	ENIV_pool_1348_R1.fastq.gz	ENIV_pool_1348_R2.fastq.gz	pools	retained pool-seq library used for population-level analysis
ENIV_pool_1354	PRJEB111482	poolseq	ENIV_pool_1354_lib	Illumina NovaSeq 6000	PAIRED	ENA_submit_83_reads/1354_S27_L001_R1_001.fastq.gz	ENA_submit_83_reads/1354_S27_L001_R2_001.fastq.gz	d4d065fdb80d3fd761d1693216d4e029	64c863d15d74f53c56d7c4eb6890262a	ENIV_pool_1354_R1.fastq.gz	ENIV_pool_1354_R2.fastq.gz	pools	retained pool-seq library used for population-level analysis
ENIV_pool_1364	PRJEB111482	poolseq	ENIV_pool_1364_lib	Illumina NovaSeq 6000	PAIRED	ENA_submit_83_reads/1364_S28_L001_R1_001.fastq.gz	ENA_submit_83_reads/1364_S28_L001_R2_001.fastq.gz	9c55141a545e6b5269073fdacb798121	7d43a73adac384c1c8f018c12b7bb323	ENIV_pool_1364_R1.fastq.gz	ENIV_pool_1364_R2.fastq.gz	pools	retained pool-seq library used for population-level analysis
ENIV_pool_1570	PRJEB111482	poolseq	ENIV_pool_1570_lib	Illumina NovaSeq 6000	PAIRED	ENA_submit_83_reads/1570_S31_L001_R1_001.fastq.gz	ENA_submit_83_reads/1570_S31_L001_R2_001.fastq.gz	2b5d8adfdb555b675b1c82b0f05e8cfe	3be9b872e53ce53384909c388e791cf5	ENIV_pool_1570_R1.fastq.gz	ENIV_pool_1570_R2.fastq.gz	pools	retained pool-seq library used for population-level analysis
ENIV_pool_1577	PRJEB111482	poolseq	ENIV_pool_1577_lib	Illumina NovaSeq 6000	PAIRED	ENA_submit_83_reads/1577_S32_L001_R1_001.fastq.gz	ENA_submit_83_reads/1577_S32_L001_R2_001.fastq.gz	2c4a5b5cd8a0e8407bba7705f323a840	64ff7004f3761ecd7a9af4aafd623b80	ENIV_pool_1577_R1.fastq.gz	ENIV_pool_1577_R2.fastq.gz	pools	retained pool-seq library used for population-level analysis
ENIV_pool_1588	PRJEB111482	poolseq	ENIV_pool_1588_lib	Illumina NovaSeq 6000	PAIRED	ENA_submit_83_reads/1588_S33_L001_R1_001.fastq.gz	ENA_submit_83_reads/1588_S33_L001_R2_001.fastq.gz	6de7284fa353835bcaaf0c82d26f1703	4ecd1c547a2869a5e5d522fb9e9064c8	ENIV_pool_1588_R1.fastq.gz	ENIV_pool_1588_R2.fastq.gz	pools	retained pool-seq library used for population-level analysis
ENIV_pool_1594	PRJEB111482	poolseq	ENIV_pool_1594_lib	Illumina NovaSeq 6000	PAIRED	ENA_submit_83_reads/1594_S34_L001_R1_001.fastq.gz	ENA_submit_83_reads/1594_S34_L001_R2_001.fastq.gz	27260e87c3768450f721b703c3efa0ca	c0cf60f6f506232a9b0b8e004a58a878	ENIV_pool_1594_R1.fastq.gz	ENIV_pool_1594_R2.fastq.gz	pools	retained pool-seq library used for population-level analysis
ENIV_pool_1637	PRJEB111482	poolseq	ENIV_pool_1637_lib	Illumina NovaSeq 6000	PAIRED	ENA_submit_83_reads/1637_S37_L001_R1_001.fastq.gz	ENA_submit_83_reads/1637_S37_L001_R2_001.fastq.gz	a97b667328a10fb132ab71073fb1c491	38cd572c513b44f3fc89dedd36ded8d7	ENIV_pool_1637_R1.fastq.gz	ENIV_pool_1637_R2.fastq.gz	pools	retained pool-seq library used for population-level analysis
ENIV_pool_1656	PRJEB111482	poolseq	ENIV_pool_1656_lib	Illumina NovaSeq 6000	PAIRED	ENA_submit_83_reads/1656_S39_L001_R1_001.fastq.gz	ENA_submit_83_reads/1656_S39_L001_R2_001.fastq.gz	5ada7ebb4297994304c14308e0ff2ad0	edb3e4e095540d8b909703c039617a9f	ENIV_pool_1656_R1.fastq.gz	ENIV_pool_1656_R2.fastq.gz	pools	retained pool-seq library used for population-level analysis
ENIV_pool_1733	PRJEB111482	poolseq	ENIV_pool_1733_lib	Illumina NovaSeq 6000	PAIRED	ENA_submit_83_reads/1733_S40_L001_R1_001.fastq.gz	ENA_submit_83_reads/1733_S40_L001_R2_001.fastq.gz	1381f7fb6cd4ae16c210240bd2639f3c	d77f8c0606c86a5570dd3327c1e2894c	ENIV_pool_1733_R1.fastq.gz	ENIV_pool_1733_R2.fastq.gz	pools	retained pool-seq library used for population-level analysis
ENIV_pool_1756	PRJEB111482	poolseq	ENIV_pool_1756_lib	Illumina NovaSeq 6000	PAIRED	ENA_submit_83_reads/1756_S41_L001_R1_001.fastq.gz	ENA_submit_83_reads/1756_S41_L001_R2_001.fastq.gz	1d0618f7eaccdf37a941bbb5343c83e8	78d559d2fc60eaf79f7a26061d9fe756	ENIV_pool_1756_R1.fastq.gz	ENIV_pool_1756_R2.fastq.gz	pools	retained pool-seq library used for population-level analysis
ENIV_pool_1873	PRJEB111482	poolseq	ENIV_pool_1873_lib	Illumina NovaSeq 6000	PAIRED	ENA_submit_83_reads/1873_S42_L001_R1_001.fastq.gz	ENA_submit_83_reads/1873_S42_L001_R2_001.fastq.gz	e0f316a9e9b944a9178ade74174013aa	4ed364d05c4318c80ba60da938aa4546	ENIV_pool_1873_R1.fastq.gz	ENIV_pool_1873_R2.fastq.gz	pools	retained pool-seq library used for population-level analysis
ENIV_pool_1942	PRJEB111482	poolseq	ENIV_pool_1942_lib	Illumina NovaSeq 6000	PAIRED	ENA_submit_83_reads/1942_S43_L001_R1_001.fastq.gz	ENA_submit_83_reads/1942_S43_L001_R2_001.fastq.gz	e63f834223fc7e0b2aae1138eaf7218e	c5d460228e68eb2131bc4ee9231bbb32	ENIV_pool_1942_R1.fastq.gz	ENIV_pool_1942_R2.fastq.gz	pools	retained pool-seq library used for population-level analysis
ENIV_pool_1959	PRJEB111482	poolseq	ENIV_pool_1959_lib	Illumina NovaSeq 6000	PAIRED	ENA_submit_83_reads/1959_S44_L001_R1_001.fastq.gz	ENA_submit_83_reads/1959_S44_L001_R2_001.fastq.gz	6c2a691de5b2cc16d0b7cfbcde0c7356	9f7147276a0c194d08d90e2848a29d0f	ENIV_pool_1959_R1.fastq.gz	ENIV_pool_1959_R2.fastq.gz	pools	retained pool-seq library used for population-level analysis
ENIV_pool_2038	PRJEB111482	poolseq	ENIV_pool_2038_lib	Illumina NovaSeq 6000	PAIRED	ENA_submit_83_reads/2038_S45_L001_R1_001.fastq.gz	ENA_submit_83_reads/2038_S45_L001_R2_001.fastq.gz	89ae767c7722916342c85235a6eece6c	df74569486bb7a7775723eaa6c501ca3	ENIV_pool_2038_R1.fastq.gz	ENIV_pool_2038_R2.fastq.gz	pools	retained pool-seq library used for population-level analysis
ENIV_pool_2139	PRJEB111482	poolseq	ENIV_pool_2139_lib	Illumina NovaSeq 6000	PAIRED	ENA_submit_83_reads/2139_S46_L001_R1_001.fastq.gz	ENA_submit_83_reads/2139_S46_L001_R2_001.fastq.gz	f4053c9ad9a9ca7308998b9e8728923e	589306e94a7df33adb6a667a5d930c72	ENIV_pool_2139_R1.fastq.gz	ENIV_pool_2139_R2.fastq.gz	pools	retained pool-seq library used for population-level analysis
ENIV_pool_2141	PRJEB111482	poolseq	ENIV_pool_2141_lib	Illumina NovaSeq 6000	PAIRED	ENA_submit_83_reads/2141_S47_L001_R1_001.fastq.gz	ENA_submit_83_reads/2141_S47_L001_R2_001.fastq.gz	147ac16ae4ab2f599a6747c275eb629f	34993b7acffc59a09c047c257bd83738	ENIV_pool_2141_R1.fastq.gz	ENIV_pool_2141_R2.fastq.gz	pools	retained pool-seq library used for population-level analysis
ENIV_pool_2151	PRJEB111482	poolseq	ENIV_pool_2151_lib	Illumina NovaSeq 6000	PAIRED	ENA_submit_83_reads/2151_S48_L001_R1_001.fastq.gz	ENA_submit_83_reads/2151_S48_L001_R2_001.fastq.gz	951d57d2d030dbb8f29639cf08f1abc4	8b90a6f8956e0cae5b24444a1665b8a9	ENIV_pool_2151_R1.fastq.gz	ENIV_pool_2151_R2.fastq.gz	pools	retained pool-seq library used for population-level analysis
ENIV_pool_2169	PRJEB111482	poolseq	ENIV_pool_2169_lib	Illumina NovaSeq 6000	PAIRED	ENA_submit_83_reads/2169_S49_L001_R1_001.fastq.gz	ENA_submit_83_reads/2169_S49_L001_R2_001.fastq.gz	7590cd519d7b46f5ba3190485b0059e3	59f8418289dfd8223ded20f62371dcd7	ENIV_pool_2169_R1.fastq.gz	ENIV_pool_2169_R2.fastq.gz	pools	retained pool-seq library used for population-level analysis
ENIV_pool_2170	PRJEB111482	poolseq	ENIV_pool_2170_lib	Illumina NovaSeq 6000	PAIRED	ENA_submit_83_reads/2170_S50_L001_R1_001.fastq.gz	ENA_submit_83_reads/2170_S50_L001_R2_001.fastq.gz	b865f7710d8854216eb4c66955ebe52f	6f82071447c01654a55b80e93c0bd938	ENIV_pool_2170_R1.fastq.gz	ENIV_pool_2170_R2.fastq.gz	pools	retained pool-seq library used for population-level analysis
ENIV_pool_2172	PRJEB111482	poolseq	ENIV_pool_2172_lib	Illumina NovaSeq 6000	PAIRED	ENA_submit_83_reads/2172_S51_L001_R1_001.fastq.gz	ENA_submit_83_reads/2172_S51_L001_R2_001.fastq.gz	df3462d98dd9f9c0539086e9e2d3b03c	38ab9c40c4550c6db16dfb3dc94dc461	ENIV_pool_2172_R1.fastq.gz	ENIV_pool_2172_R2.fastq.gz	pools	retained pool-seq library used for population-level analysis
ENIV_pool_2225	PRJEB111482	poolseq	ENIV_pool_2225_lib	Illumina NovaSeq 6000	PAIRED	ENA_submit_83_reads/2225_S52_L001_R1_001.fastq.gz	ENA_submit_83_reads/2225_S52_L001_R2_001.fastq.gz	73a485817b3718d55008aae97425c1d7	cf51c159de68039571b9c68e8d638a56	ENIV_pool_2225_R1.fastq.gz	ENIV_pool_2225_R2.fastq.gz	pools	retained pool-seq library used for population-level analysis
ENIV_pool_2228	PRJEB111482	poolseq	ENIV_pool_2228_lib	Illumina NovaSeq 6000	PAIRED	ENA_submit_83_reads/2228_S53_L001_R1_001.fastq.gz	ENA_submit_83_reads/2228_S53_L001_R2_001.fastq.gz	eb2403492be08a23e0803123c60ff0cb	f57802b449ba00508368e6980f9ea170	ENIV_pool_2228_R1.fastq.gz	ENIV_pool_2228_R2.fastq.gz	pools	retained pool-seq library used for population-level analysis
ENIV_pool_2233	PRJEB111482	poolseq	ENIV_pool_2233_lib	Illumina NovaSeq 6000	PAIRED	ENA_submit_83_reads/2233_S54_L001_R1_001.fastq.gz	ENA_submit_83_reads/2233_S54_L001_R2_001.fastq.gz	cf23c149e5680b789c22089de75f2a1b	2a6bf4e4f84e0b6d5b529f285c7cf72b	ENIV_pool_2233_R1.fastq.gz	ENIV_pool_2233_R2.fastq.gz	pools	retained pool-seq library used for population-level analysis
ENIV_pool_2242	PRJEB111482	poolseq	ENIV_pool_2242_lib	Illumina NovaSeq 6000	PAIRED	ENA_submit_83_reads/2242_S55_L001_R1_001.fastq.gz	ENA_submit_83_reads/2242_S55_L001_R2_001.fastq.gz	12781a86d58e31965bb1854ccaec7409	47b7a6a163ec0738db01cacdf1ddf3e7	ENIV_pool_2242_R1.fastq.gz	ENIV_pool_2242_R2.fastq.gz	pools	retained pool-seq library used for population-level analysis
ENIV_pool_2247	PRJEB111482	poolseq	ENIV_pool_2247_lib	Illumina NovaSeq 6000	PAIRED	ENA_submit_83_reads/2247_S56_L001_R1_001.fastq.gz	ENA_submit_83_reads/2247_S56_L001_R2_001.fastq.gz	01cf7646511f51bc1ec8c655f764e84d	b601e2ab514a2d5e0732ff8dca1750fb	ENIV_pool_2247_R1.fastq.gz	ENIV_pool_2247_R2.fastq.gz	pools	retained pool-seq library used for population-level analysis
ENIV_pool_2249	PRJEB111482	poolseq	ENIV_pool_2249_lib	Illumina NovaSeq 6000	PAIRED	ENA_submit_83_reads/2249_S57_L001_R1_001.fastq.gz	ENA_submit_83_reads/2249_S57_L001_R2_001.fastq.gz	b98ae254cba542b4fcffbc39f08e77e1	368042a9eacbacc9daf45a6afdccea1f	ENIV_pool_2249_R1.fastq.gz	ENIV_pool_2249_R2.fastq.gz	pools	retained pool-seq library used for population-level analysis
ENIV_pool_2257	PRJEB111482	poolseq	ENIV_pool_2257_lib	Illumina NovaSeq 6000	PAIRED	ENA_submit_83_reads/2257_S58_L001_R1_001.fastq.gz	ENA_submit_83_reads/2257_S58_L001_R2_001.fastq.gz	e787079379ebd2cd20aa99adc6a1194e	2eb0873aad2df7fb0e5c859b50d1f6e9	ENIV_pool_2257_R1.fastq.gz	ENIV_pool_2257_R2.fastq.gz	pools	retained pool-seq library used for population-level analysis
ENIV_pool_2258	PRJEB111482	poolseq	ENIV_pool_2258_lib	Illumina NovaSeq 6000	PAIRED	ENA_submit_83_reads/2258_S59_L001_R1_001.fastq.gz	ENA_submit_83_reads/2258_S59_L001_R2_001.fastq.gz	1a5a33e78c5c80220dd7db813fc99601	3df1ee9eccf906547815fb7ba38de9b0	ENIV_pool_2258_R1.fastq.gz	ENIV_pool_2258_R2.fastq.gz	pools	retained pool-seq library used for population-level analysis
ENIV_pool_2261	PRJEB111482	poolseq	ENIV_pool_2261_lib	Illumina NovaSeq 6000	PAIRED	ENA_submit_83_reads/2261_S60_L001_R1_001.fastq.gz	ENA_submit_83_reads/2261_S60_L001_R2_001.fastq.gz	190bf4cfc733b743acdd84e2d7857b48	4ce48d52bb927cc446761180d0b7625a	ENIV_pool_2261_R1.fastq.gz	ENIV_pool_2261_R2.fastq.gz	pools	retained pool-seq library used for population-level analysis
ENIV_pool_2262	PRJEB111482	poolseq	ENIV_pool_2262_lib	Illumina NovaSeq 6000	PAIRED	ENA_submit_83_reads/2262_S61_L001_R1_001.fastq.gz	ENA_submit_83_reads/2262_S61_L001_R2_001.fastq.gz	b17242ebd782a9e69a44954b5cedbc23	6d92169dd91d7667a4bd4043270e5c45	ENIV_pool_2262_R1.fastq.gz	ENIV_pool_2262_R2.fastq.gz	pools	retained pool-seq library used for population-level analysis
ENIV_pool_2268	PRJEB111482	poolseq	ENIV_pool_2268_lib	Illumina NovaSeq 6000	PAIRED	ENA_submit_83_reads/2268_S62_L001_R1_001.fastq.gz	ENA_submit_83_reads/2268_S62_L001_R2_001.fastq.gz	6f1c56decad8585f4b82737178c18135	75e021322ddb556a53ce1ad0274e9c3d	ENIV_pool_2268_R1.fastq.gz	ENIV_pool_2268_R2.fastq.gz	pools	retained pool-seq library used for population-level analysis
ENIV_pool_2270	PRJEB111482	poolseq	ENIV_pool_2270_lib	Illumina NovaSeq 6000	PAIRED	ENA_submit_83_reads/2270_S63_L001_R1_001.fastq.gz	ENA_submit_83_reads/2270_S63_L001_R2_001.fastq.gz	488cf6c2ec0d6c7e993fcd7b7ae23263	f038a9669884b837b33407c037f3e70f	ENIV_pool_2270_R1.fastq.gz	ENIV_pool_2270_R2.fastq.gz	pools	retained pool-seq library used for population-level analysis
ENIV_pool_2273	PRJEB111482	poolseq	ENIV_pool_2273_lib	Illumina NovaSeq 6000	PAIRED	ENA_submit_83_reads/2273_S64_L001_R1_001.fastq.gz	ENA_submit_83_reads/2273_S64_L001_R2_001.fastq.gz	f2fd58a4a6b081271f075bdd3f47497f	d543cd4f3cf56f857caece8445e2cd2a	ENIV_pool_2273_R1.fastq.gz	ENIV_pool_2273_R2.fastq.gz	pools	retained pool-seq library used for population-level analysis
ENIV_pool_2301	PRJEB111482	poolseq	ENIV_pool_2301_lib	Illumina NovaSeq 6000	PAIRED	ENA_submit_83_reads/2301_S66_L001_R1_001.fastq.gz	ENA_submit_83_reads/2301_S66_L001_R2_001.fastq.gz	72f8d30b138671356a6957a6e4c9b906	b71f86744f33020ba4a80fa08d962014	ENIV_pool_2301_R1.fastq.gz	ENIV_pool_2301_R2.fastq.gz	pools	retained pool-seq library used for population-level analysis
ENIV_pool_2307	PRJEB111482	poolseq	ENIV_pool_2307_lib	Illumina NovaSeq 6000	PAIRED	ENA_submit_83_reads/2307_S67_L001_R1_001.fastq.gz	ENA_submit_83_reads/2307_S67_L001_R2_001.fastq.gz	592dfb6edeeee7f15818accc9c6e8770	39919191a28c764557dc1f078d8ef2c7	ENIV_pool_2307_R1.fastq.gz	ENIV_pool_2307_R2.fastq.gz	pools	retained pool-seq library used for population-level analysis
ENIV_pool_2315	PRJEB111482	poolseq	ENIV_pool_2315_lib	Illumina NovaSeq 6000	PAIRED	ENA_submit_83_reads/2315_S68_L001_R1_001.fastq.gz	ENA_submit_83_reads/2315_S68_L001_R2_001.fastq.gz	5d8f29a7b30498a1439b128e11f8c1e3	e444baa95beef281f4b9fbe1aba96e0b	ENIV_pool_2315_R1.fastq.gz	ENIV_pool_2315_R2.fastq.gz	pools	retained pool-seq library used for population-level analysis
ENIV_pool_2316	PRJEB111482	poolseq	ENIV_pool_2316_lib	Illumina NovaSeq 6000	PAIRED	ENA_submit_83_reads/2316_S69_L001_R1_001.fastq.gz	ENA_submit_83_reads/2316_S69_L001_R2_001.fastq.gz	7f2ca3bba87da9d00d1fa0a1a29800e9	934da409394fff153e5b47c07aa26bad	ENIV_pool_2316_R1.fastq.gz	ENIV_pool_2316_R2.fastq.gz	pools	retained pool-seq library used for population-level analysis
ENIV_pool_2320	PRJEB111482	poolseq	ENIV_pool_2320_lib	Illumina NovaSeq 6000	PAIRED	ENA_submit_83_reads/2320_S70_L001_R1_001.fastq.gz	ENA_submit_83_reads/2320_S70_L001_R2_001.fastq.gz	e2758b1c10c03f2f901defcfe2c81b08	004245ed1c73a5092391f84896e234a8	ENIV_pool_2320_R1.fastq.gz	ENIV_pool_2320_R2.fastq.gz	pools	retained pool-seq library used for population-level analysis
ENIV_pool_2327	PRJEB111482	poolseq	ENIV_pool_2327_lib	Illumina NovaSeq 6000	PAIRED	ENA_submit_83_reads/2327_S71_L001_R1_001.fastq.gz	ENA_submit_83_reads/2327_S71_L001_R2_001.fastq.gz	22cbacffcfe7c2bbe83aba904f02be86	dca08030f39caaed6c1cd303c6a1e97e	ENIV_pool_2327_R1.fastq.gz	ENIV_pool_2327_R2.fastq.gz	pools	retained pool-seq library used for population-level analysis
ENIV_pool_2330	PRJEB111482	poolseq	ENIV_pool_2330_lib	Illumina NovaSeq 6000	PAIRED	ENA_submit_83_reads/2330_S72_L001_R1_001.fastq.gz	ENA_submit_83_reads/2330_S72_L001_R2_001.fastq.gz	e4180d6b2263d581589b3e75996aacc1	861858b4c723035732a8f3956b7d7821	ENIV_pool_2330_R1.fastq.gz	ENIV_pool_2330_R2.fastq.gz	pools	retained pool-seq library used for population-level analysis
ENIV_pool_2345	PRJEB111482	poolseq	ENIV_pool_2345_lib	Illumina NovaSeq 6000	PAIRED	ENA_submit_83_reads/2345_S73_L001_R1_001.fastq.gz	ENA_submit_83_reads/2345_S73_L001_R2_001.fastq.gz	f3d0e02d82366dfd3bd1f4b8f9c70524	9966cfb44c6c07e6daee4d27c576dfb4	ENIV_pool_2345_R1.fastq.gz	ENIV_pool_2345_R2.fastq.gz	pools	retained pool-seq library used for population-level analysis
ENIV_pool_2356	PRJEB111482	poolseq	ENIV_pool_2356_lib	Illumina NovaSeq 6000	PAIRED	ENA_submit_83_reads/2356_S74_L001_R1_001.fastq.gz	ENA_submit_83_reads/2356_S74_L001_R2_001.fastq.gz	876c237705892b0b539666e8b42dc47e	e7b1a268ee39b27295f3fd2d1f580cb1	ENIV_pool_2356_R1.fastq.gz	ENIV_pool_2356_R2.fastq.gz	pools	retained pool-seq library used for population-level analysis
ENIV_pool_2371	PRJEB111482	poolseq	ENIV_pool_2371_lib	Illumina NovaSeq 6000	PAIRED	ENA_submit_83_reads/2371_S75_L001_R1_001.fastq.gz	ENA_submit_83_reads/2371_S75_L001_R2_001.fastq.gz	7e63fc62729c28f60a98693e8bbee589	c879acb0d5e48bef3fc2c0e1207f82e8	ENIV_pool_2371_R1.fastq.gz	ENIV_pool_2371_R2.fastq.gz	pools	retained pool-seq library used for population-level analysis
ENIV_pool_2373	PRJEB111482	poolseq	ENIV_pool_2373_lib	Illumina NovaSeq 6000	PAIRED	ENA_submit_83_reads/2373_S76_L001_R1_001.fastq.gz	ENA_submit_83_reads/2373_S76_L001_R2_001.fastq.gz	89eb76d328e56be8a922a9b945953008	db58a155b6f77d3f1681fc4d011c00fc	ENIV_pool_2373_R1.fastq.gz	ENIV_pool_2373_R2.fastq.gz	pools	retained pool-seq library used for population-level analysis
ENIV_pool_2434	PRJEB111482	poolseq	ENIV_pool_2434_lib	Illumina NovaSeq 6000	PAIRED	ENA_submit_83_reads/2434_S77_L001_R1_001.fastq.gz	ENA_submit_83_reads/2434_S77_L001_R2_001.fastq.gz	038a81190ba50a3b1a46c5cfbbcb6004	ecb5ba351619a0872f570bf5e414decd	ENIV_pool_2434_R1.fastq.gz	ENIV_pool_2434_R2.fastq.gz	pools	retained pool-seq library used for population-level analysis
ENIV_pool_2437	PRJEB111482	poolseq	ENIV_pool_2437_lib	Illumina NovaSeq 6000	PAIRED	ENA_submit_83_reads/2437_S78_L001_R1_001.fastq.gz	ENA_submit_83_reads/2437_S78_L001_R2_001.fastq.gz	fcb66dc994c309fb0b5081fce8ac51ef	88f3aaad9341c36a545d1527dcb8d66f	ENIV_pool_2437_R1.fastq.gz	ENIV_pool_2437_R2.fastq.gz	pools	retained pool-seq library used for population-level analysis
ENIV_pool_2443	PRJEB111482	poolseq	ENIV_pool_2443_lib	Illumina NovaSeq 6000	PAIRED	ENA_submit_83_reads/2443_S79_L001_R1_001.fastq.gz	ENA_submit_83_reads/2443_S79_L001_R2_001.fastq.gz	32be834be987200695d33c656fa2fc5c	dc0f5a0737d6f8f903f146ff2d3c2467	ENIV_pool_2443_R1.fastq.gz	ENIV_pool_2443_R2.fastq.gz	pools	retained pool-seq library used for population-level analysis
ENIV_pool_2446	PRJEB111482	poolseq	ENIV_pool_2446_lib	Illumina NovaSeq 6000	PAIRED	ENA_submit_83_reads/2446_S80_L001_R1_001.fastq.gz	ENA_submit_83_reads/2446_S80_L001_R2_001.fastq.gz	97a0be826ab2566ab168fa5eccce4573	6c353c991827267b2ec42880a6dc6bb9	ENIV_pool_2446_R1.fastq.gz	ENIV_pool_2446_R2.fastq.gz	pools	retained pool-seq library used for population-level analysis
ENIV_pool_2448	PRJEB111482	poolseq	ENIV_pool_2448_lib	Illumina NovaSeq 6000	PAIRED	ENA_submit_83_reads/2448_S81_L001_R1_001.fastq.gz	ENA_submit_83_reads/2448_S81_L001_R2_001.fastq.gz	c117cf40f7e723369212166371b44751	6c315390a26bb581c8324901d2da3718	ENIV_pool_2448_R1.fastq.gz	ENIV_pool_2448_R2.fastq.gz	pools	retained pool-seq library used for population-level analysis
ENIV_pool_2449	PRJEB111482	poolseq	ENIV_pool_2449_lib	Illumina NovaSeq 6000	PAIRED	ENA_submit_83_reads/2449_S82_L001_R1_001.fastq.gz	ENA_submit_83_reads/2449_S82_L001_R2_001.fastq.gz	a55ba3e58d5f202c7885c1725716ebdd	55898900d80a1447c8595d49c1a88630	ENIV_pool_2449_R1.fastq.gz	ENIV_pool_2449_R2.fastq.gz	pools	retained pool-seq library used for population-level analysis
ENIV_pool_2456	PRJEB111482	poolseq	ENIV_pool_2456_lib	Illumina NovaSeq 6000	PAIRED	ENA_submit_83_reads/2456_S83_L001_R1_001.fastq.gz	ENA_submit_83_reads/2456_S83_L001_R2_001.fastq.gz	6cb357ed195cf574fb8ced204dff2c3b	57e0fec1d06613e9128b53fd2d3589e2	ENIV_pool_2456_R1.fastq.gz	ENIV_pool_2456_R2.fastq.gz	pools	retained pool-seq library used for population-level analysis
ENIV_pool_2465	PRJEB111482	poolseq	ENIV_pool_2465_lib	Illumina NovaSeq 6000	PAIRED	ENA_submit_83_reads/2465_S84_L001_R1_001.fastq.gz	ENA_submit_83_reads/2465_S84_L001_R2_001.fastq.gz	b878b17a16436e4ba39c305e4620d47f	1b6b1aa507bd94195342895101697c8a	ENIV_pool_2465_R1.fastq.gz	ENIV_pool_2465_R2.fastq.gz	pools	retained pool-seq library used for population-level analysis
ENIV_pool_2468	PRJEB111482	poolseq	ENIV_pool_2468_lib	Illumina NovaSeq 6000	PAIRED	ENA_submit_83_reads/2468_S85_L001_R1_001.fastq.gz	ENA_submit_83_reads/2468_S85_L001_R2_001.fastq.gz	805e25615eb168f62f1f50d5857f019e	92957f7f36e9b91829c59bf8e5d2991c	ENIV_pool_2468_R1.fastq.gz	ENIV_pool_2468_R2.fastq.gz	pools	retained pool-seq library used for population-level analysis
ENIV_pool_2470	PRJEB111482	poolseq	ENIV_pool_2470_lib	Illumina NovaSeq 6000	PAIRED	ENA_submit_83_reads/2470_S86_L001_R1_001.fastq.gz	ENA_submit_83_reads/2470_S86_L001_R2_001.fastq.gz	639d4382f2dca8c81521b3b3ab64d481	67a3c767ff1b55ad8da78d98a1affc94	ENIV_pool_2470_R1.fastq.gz	ENIV_pool_2470_R2.fastq.gz	pools	retained pool-seq library used for population-level analysis
ENIV_pool_2501	PRJEB111482	poolseq	ENIV_pool_2501_lib	Illumina NovaSeq 6000	PAIRED	ENA_submit_83_reads/2501_S87_L001_R1_001.fastq.gz	ENA_submit_83_reads/2501_S87_L001_R2_001.fastq.gz	ba5154acf858f19f8bd7c415a7e5a216	d1e5e7b0d9c75ce2726f473562bf2235	ENIV_pool_2501_R1.fastq.gz	ENIV_pool_2501_R2.fastq.gz	pools	retained pool-seq library used for population-level analysis
ENIV_pool_2502	PRJEB111482	poolseq	ENIV_pool_2502_lib	Illumina NovaSeq 6000	PAIRED	ENA_submit_83_reads/2502_S88_L001_R1_001.fastq.gz	ENA_submit_83_reads/2502_S88_L001_R2_001.fastq.gz	6856e87e4b56779ad3d013582d9fd2fc	41e653d1fd8444479b2735cbdb733150	ENIV_pool_2502_R1.fastq.gz	ENIV_pool_2502_R2.fastq.gz	pools	retained pool-seq library used for population-level analysis
ENIV_pool_2533	PRJEB111482	poolseq	ENIV_pool_2533_lib	Illumina NovaSeq 6000	PAIRED	ENA_submit_83_reads/2533_S89_L001_R1_001.fastq.gz	ENA_submit_83_reads/2533_S89_L001_R2_001.fastq.gz	e8375c31f2e851895ee072d0bcdef852	f7f20c76d7dfac2aef56444890d2d7cb	ENIV_pool_2533_R1.fastq.gz	ENIV_pool_2533_R2.fastq.gz	pools	retained pool-seq library used for population-level analysis
ENIV_pool_2542	PRJEB111482	poolseq	ENIV_pool_2542_lib	Illumina NovaSeq 6000	PAIRED	ENA_submit_83_reads/2542_S90_L001_R1_001.fastq.gz	ENA_submit_83_reads/2542_S90_L001_R2_001.fastq.gz	0d48bf334bc8211bda0ba305e9d51d92	21f92a68da84e17dea85c7298c2571d1	ENIV_pool_2542_R1.fastq.gz	ENIV_pool_2542_R2.fastq.gz	pools	retained pool-seq library used for population-level analysis
ENIV_pool_2560	PRJEB111482	poolseq	ENIV_pool_2560_lib	Illumina NovaSeq 6000	PAIRED	ENA_submit_83_reads/2560_S91_L001_R1_001.fastq.gz	ENA_submit_83_reads/2560_S91_L001_R2_001.fastq.gz	b39e9b8a3c8dfcaddea7e6af041e4b8d	8586741b53a6265376f07e144ba169b6	ENIV_pool_2560_R1.fastq.gz	ENIV_pool_2560_R2.fastq.gz	pools	retained pool-seq library used for population-level analysis
ENIV_pool_2562	PRJEB111482	poolseq	ENIV_pool_2562_lib	Illumina NovaSeq 6000	PAIRED	ENA_submit_83_reads/2562_S92_L001_R1_001.fastq.gz	ENA_submit_83_reads/2562_S92_L001_R2_001.fastq.gz	4d480c9f0c83ecef8004fdea42464348	1dba75a2590499b8be8aae13ee6499ce	ENIV_pool_2562_R1.fastq.gz	ENIV_pool_2562_R2.fastq.gz	pools	retained pool-seq library used for population-level analysis
